MemberID,FullName,MembershipType,VisitCount,ClassesAttended,PTSessionCount,EngagementSegment
20,"Oscar Wright",Basic,0,0,0,"At Risk"
11,"Chloe King",Basic,0,0,0,"At Risk"
15,"Zoe Hall",Student,0,0,0,"At Risk"
25,"Hannah Lewis",Basic,0,0,0,"At Risk"
2,"Maya Thompson",Basic,8,12,1,"Highly Engaged"
3,"Liam Wilson",Student,8,12,1,"Highly Engaged"
21,"Ruby Clark",Premium,1,2,0,"Low Engagement"
6,"Emma Johnson",Student,1,1,0,"Low Engagement"
5,"Noah Davis",Basic,1,0,0,"Low Engagement"
12,"Ben Scott",Student,0,2,0,"Low Engagement"
26,"Adam Cooper",Student,0,1,0,"Low Engagement"
8,"Ava Martin",Basic,0,1,0,"Low Engagement"
9,"Lucas White",Student,0,1,0,"Low Engagement"
23,"Sophie Allen",Student,0,1,0,"Low Engagement"
29,"Sarah Bell",Student,0,1,0,"Low Engagement"
14,"Henry Walker",Basic,0,1,0,"Low Engagement"
17,"Lily Adams",Basic,0,1,0,"Low Engagement"
18,"Daniel Hill",Student,0,1,0,"Low Engagement"
76,"Pulse Member 076",Basic,4,2,0,"Moderately Active"
587,"Pulse Member 587",Basic,4,2,0,"Moderately Active"
588,"Pulse Member 588",Basic,4,2,0,"Moderately Active"
589,"Pulse Member 589",Basic,4,2,0,"Moderately Active"
590,"Pulse Member 590",Premium,4,2,1,"Moderately Active"
591,"Pulse Member 591",Premium,4,2,0,"Moderately Active"
592,"Pulse Member 592",Premium,4,2,0,"Moderately Active"
593,"Pulse Member 593",Student,4,2,0,"Moderately Active"
594,"Pulse Member 594",Student,4,2,0,"Moderately Active"
595,"Pulse Member 595",Student,4,2,1,"Moderately Active"
31,"Pulse Member 031",Premium,4,2,0,"Moderately Active"
32,"Pulse Member 032",Premium,4,2,0,"Moderately Active"
33,"Pulse Member 033",Student,4,2,0,"Moderately Active"
34,"Pulse Member 034",Student,4,2,0,"Moderately Active"
35,"Pulse Member 035",Student,4,2,1,"Moderately Active"
36,"Pulse Member 036",Basic,4,2,0,"Moderately Active"
37,"Pulse Member 037",Basic,4,2,0,"Moderately Active"
38,"Pulse Member 038",Basic,4,2,0,"Moderately Active"
39,"Pulse Member 039",Basic,4,2,0,"Moderately Active"
40,"Pulse Member 040",Premium,4,2,1,"Moderately Active"
41,"Pulse Member 041",Premium,4,2,0,"Moderately Active"
42,"Pulse Member 042",Premium,4,2,0,"Moderately Active"
43,"Pulse Member 043",Student,4,2,0,"Moderately Active"
44,"Pulse Member 044",Student,4,2,0,"Moderately Active"
45,"Pulse Member 045",Student,4,2,1,"Moderately Active"
46,"Pulse Member 046",Basic,4,2,0,"Moderately Active"
47,"Pulse Member 047",Basic,4,2,0,"Moderately Active"
48,"Pulse Member 048",Basic,4,2,0,"Moderately Active"
49,"Pulse Member 049",Basic,4,2,0,"Moderately Active"
50,"Pulse Member 050",Premium,4,2,1,"Moderately Active"
51,"Pulse Member 051",Premium,4,2,0,"Moderately Active"
52,"Pulse Member 052",Premium,4,2,0,"Moderately Active"
53,"Pulse Member 053",Student,4,2,0,"Moderately Active"
54,"Pulse Member 054",Student,4,2,0,"Moderately Active"
55,"Pulse Member 055",Student,4,2,1,"Moderately Active"
56,"Pulse Member 056",Basic,4,2,0,"Moderately Active"
57,"Pulse Member 057",Basic,4,2,0,"Moderately Active"
58,"Pulse Member 058",Basic,4,2,0,"Moderately Active"
59,"Pulse Member 059",Basic,4,2,0,"Moderately Active"
60,"Pulse Member 060",Premium,4,2,1,"Moderately Active"
61,"Pulse Member 061",Premium,4,2,0,"Moderately Active"
62,"Pulse Member 062",Premium,4,2,0,"Moderately Active"
63,"Pulse Member 063",Student,4,2,0,"Moderately Active"
64,"Pulse Member 064",Student,4,2,0,"Moderately Active"
65,"Pulse Member 065",Student,4,2,1,"Moderately Active"
66,"Pulse Member 066",Basic,4,2,0,"Moderately Active"
67,"Pulse Member 067",Basic,4,2,0,"Moderately Active"
68,"Pulse Member 068",Basic,4,2,0,"Moderately Active"
69,"Pulse Member 069",Basic,4,2,0,"Moderately Active"
70,"Pulse Member 070",Premium,4,2,1,"Moderately Active"
71,"Pulse Member 071",Premium,4,2,0,"Moderately Active"
72,"Pulse Member 072",Premium,4,2,0,"Moderately Active"
73,"Pulse Member 073",Student,4,2,0,"Moderately Active"
74,"Pulse Member 074",Student,4,2,0,"Moderately Active"
75,"Pulse Member 075",Student,4,2,1,"Moderately Active"
151,"Pulse Member 151",Premium,4,2,0,"Moderately Active"
77,"Pulse Member 077",Basic,4,2,0,"Moderately Active"
78,"Pulse Member 078",Basic,4,2,0,"Moderately Active"
79,"Pulse Member 079",Basic,4,2,0,"Moderately Active"
80,"Pulse Member 080",Premium,4,2,1,"Moderately Active"
81,"Pulse Member 081",Premium,4,2,0,"Moderately Active"
82,"Pulse Member 082",Premium,4,2,0,"Moderately Active"
597,"Pulse Member 597",Basic,4,2,0,"Moderately Active"
84,"Pulse Member 084",Student,4,2,0,"Moderately Active"
85,"Pulse Member 085",Student,4,2,1,"Moderately Active"
86,"Pulse Member 086",Basic,4,2,0,"Moderately Active"
87,"Pulse Member 087",Basic,4,2,0,"Moderately Active"
88,"Pulse Member 088",Basic,4,2,0,"Moderately Active"
89,"Pulse Member 089",Basic,4,2,0,"Moderately Active"
90,"Pulse Member 090",Premium,4,2,1,"Moderately Active"
91,"Pulse Member 091",Premium,4,2,0,"Moderately Active"
92,"Pulse Member 092",Premium,4,2,0,"Moderately Active"
93,"Pulse Member 093",Student,4,2,0,"Moderately Active"
94,"Pulse Member 094",Student,4,2,0,"Moderately Active"
95,"Pulse Member 095",Student,4,2,1,"Moderately Active"
96,"Pulse Member 096",Basic,4,2,0,"Moderately Active"
98,"Pulse Member 098",Basic,4,2,0,"Moderately Active"
99,"Pulse Member 099",Basic,4,2,0,"Moderately Active"
100,"Pulse Member 100",Premium,4,2,1,"Moderately Active"
101,"Pulse Member 101",Premium,4,2,0,"Moderately Active"
102,"Pulse Member 102",Premium,4,2,0,"Moderately Active"
103,"Pulse Member 103",Student,4,2,0,"Moderately Active"
104,"Pulse Member 104",Student,4,2,0,"Moderately Active"
105,"Pulse Member 105",Student,4,2,1,"Moderately Active"
106,"Pulse Member 106",Basic,4,2,0,"Moderately Active"
107,"Pulse Member 107",Basic,4,2,0,"Moderately Active"
108,"Pulse Member 108",Basic,4,2,0,"Moderately Active"
109,"Pulse Member 109",Basic,4,2,0,"Moderately Active"
110,"Pulse Member 110",Premium,4,2,1,"Moderately Active"
111,"Pulse Member 111",Premium,4,2,0,"Moderately Active"
112,"Pulse Member 112",Premium,4,2,0,"Moderately Active"
113,"Pulse Member 113",Student,4,2,0,"Moderately Active"
114,"Pulse Member 114",Student,4,2,0,"Moderately Active"
115,"Pulse Member 115",Student,4,2,1,"Moderately Active"
116,"Pulse Member 116",Basic,4,2,0,"Moderately Active"
117,"Pulse Member 117",Basic,4,2,0,"Moderately Active"
118,"Pulse Member 118",Basic,4,2,0,"Moderately Active"
119,"Pulse Member 119",Basic,4,2,0,"Moderately Active"
120,"Pulse Member 120",Premium,4,2,1,"Moderately Active"
121,"Pulse Member 121",Premium,4,2,0,"Moderately Active"
122,"Pulse Member 122",Premium,4,2,0,"Moderately Active"
123,"Pulse Member 123",Student,4,2,0,"Moderately Active"
124,"Pulse Member 124",Student,4,2,0,"Moderately Active"
125,"Pulse Member 125",Student,4,2,1,"Moderately Active"
126,"Pulse Member 126",Basic,4,2,0,"Moderately Active"
127,"Pulse Member 127",Basic,4,2,0,"Moderately Active"
128,"Pulse Member 128",Basic,4,2,0,"Moderately Active"
129,"Pulse Member 129",Basic,4,2,0,"Moderately Active"
130,"Pulse Member 130",Premium,4,2,1,"Moderately Active"
131,"Pulse Member 131",Premium,4,2,0,"Moderately Active"
132,"Pulse Member 132",Premium,4,2,0,"Moderately Active"
133,"Pulse Member 133",Student,4,2,0,"Moderately Active"
134,"Pulse Member 134",Student,4,2,0,"Moderately Active"
135,"Pulse Member 135",Student,4,2,1,"Moderately Active"
136,"Pulse Member 136",Basic,4,2,0,"Moderately Active"
137,"Pulse Member 137",Basic,4,2,0,"Moderately Active"
138,"Pulse Member 138",Basic,4,2,0,"Moderately Active"
139,"Pulse Member 139",Basic,4,2,0,"Moderately Active"
140,"Pulse Member 140",Premium,4,2,1,"Moderately Active"
141,"Pulse Member 141",Premium,4,2,0,"Moderately Active"
142,"Pulse Member 142",Premium,4,2,0,"Moderately Active"
143,"Pulse Member 143",Student,4,2,0,"Moderately Active"
144,"Pulse Member 144",Student,4,2,0,"Moderately Active"
145,"Pulse Member 145",Student,4,2,1,"Moderately Active"
146,"Pulse Member 146",Basic,4,2,0,"Moderately Active"
147,"Pulse Member 147",Basic,4,2,0,"Moderately Active"
148,"Pulse Member 148",Basic,4,2,0,"Moderately Active"
150,"Pulse Member 150",Premium,4,2,1,"Moderately Active"
598,"Pulse Member 598",Basic,4,2,0,"Moderately Active"
152,"Pulse Member 152",Premium,4,2,0,"Moderately Active"
153,"Pulse Member 153",Student,4,2,0,"Moderately Active"
154,"Pulse Member 154",Student,4,2,0,"Moderately Active"
155,"Pulse Member 155",Student,4,2,1,"Moderately Active"
156,"Pulse Member 156",Basic,4,2,0,"Moderately Active"
157,"Pulse Member 157",Basic,4,2,0,"Moderately Active"
158,"Pulse Member 158",Basic,4,2,0,"Moderately Active"
159,"Pulse Member 159",Basic,4,2,0,"Moderately Active"
160,"Pulse Member 160",Premium,4,2,1,"Moderately Active"
161,"Pulse Member 161",Premium,4,2,0,"Moderately Active"
162,"Pulse Member 162",Premium,4,2,0,"Moderately Active"
163,"Pulse Member 163",Student,4,2,0,"Moderately Active"
164,"Pulse Member 164",Student,4,2,0,"Moderately Active"
165,"Pulse Member 165",Student,4,2,1,"Moderately Active"
599,"Pulse Member 599",Basic,4,2,0,"Moderately Active"
167,"Pulse Member 167",Basic,4,2,0,"Moderately Active"
168,"Pulse Member 168",Basic,4,2,0,"Moderately Active"
169,"Pulse Member 169",Basic,4,2,0,"Moderately Active"
170,"Pulse Member 170",Premium,4,2,1,"Moderately Active"
171,"Pulse Member 171",Premium,4,2,0,"Moderately Active"
172,"Pulse Member 172",Premium,4,2,0,"Moderately Active"
173,"Pulse Member 173",Student,4,2,0,"Moderately Active"
174,"Pulse Member 174",Student,4,2,0,"Moderately Active"
175,"Pulse Member 175",Student,4,2,1,"Moderately Active"
176,"Pulse Member 176",Basic,4,2,0,"Moderately Active"
177,"Pulse Member 177",Basic,4,2,0,"Moderately Active"
178,"Pulse Member 178",Basic,4,2,0,"Moderately Active"
179,"Pulse Member 179",Basic,4,2,0,"Moderately Active"
180,"Pulse Member 180",Premium,4,2,1,"Moderately Active"
181,"Pulse Member 181",Premium,4,2,0,"Moderately Active"
182,"Pulse Member 182",Premium,4,2,0,"Moderately Active"
183,"Pulse Member 183",Student,4,2,0,"Moderately Active"
184,"Pulse Member 184",Student,4,2,0,"Moderately Active"
185,"Pulse Member 185",Student,4,2,1,"Moderately Active"
186,"Pulse Member 186",Basic,4,2,0,"Moderately Active"
187,"Pulse Member 187",Basic,4,2,0,"Moderately Active"
188,"Pulse Member 188",Basic,4,2,0,"Moderately Active"
189,"Pulse Member 189",Basic,4,2,0,"Moderately Active"
190,"Pulse Member 190",Premium,4,2,1,"Moderately Active"
191,"Pulse Member 191",Premium,4,2,0,"Moderately Active"
192,"Pulse Member 192",Premium,4,2,0,"Moderately Active"
193,"Pulse Member 193",Student,4,2,0,"Moderately Active"
195,"Pulse Member 195",Student,4,2,1,"Moderately Active"
196,"Pulse Member 196",Basic,4,2,0,"Moderately Active"
197,"Pulse Member 197",Basic,4,2,0,"Moderately Active"
198,"Pulse Member 198",Basic,4,2,0,"Moderately Active"
199,"Pulse Member 199",Basic,4,2,0,"Moderately Active"
200,"Pulse Member 200",Premium,4,2,1,"Moderately Active"
201,"Pulse Member 201",Premium,4,2,0,"Moderately Active"
202,"Pulse Member 202",Premium,4,2,0,"Moderately Active"
203,"Pulse Member 203",Student,4,2,0,"Moderately Active"
204,"Pulse Member 204",Student,4,2,0,"Moderately Active"
205,"Pulse Member 205",Student,4,2,1,"Moderately Active"
206,"Pulse Member 206",Basic,4,2,0,"Moderately Active"
207,"Pulse Member 207",Basic,4,2,0,"Moderately Active"
208,"Pulse Member 208",Basic,4,2,0,"Moderately Active"
209,"Pulse Member 209",Basic,4,2,0,"Moderately Active"
210,"Pulse Member 210",Premium,4,2,1,"Moderately Active"
211,"Pulse Member 211",Premium,4,2,0,"Moderately Active"
212,"Pulse Member 212",Premium,4,2,0,"Moderately Active"
213,"Pulse Member 213",Student,4,2,0,"Moderately Active"
214,"Pulse Member 214",Student,4,2,0,"Moderately Active"
215,"Pulse Member 215",Student,4,2,1,"Moderately Active"
216,"Pulse Member 216",Basic,4,2,0,"Moderately Active"
217,"Pulse Member 217",Basic,4,2,0,"Moderately Active"
218,"Pulse Member 218",Basic,4,2,0,"Moderately Active"
219,"Pulse Member 219",Basic,4,2,0,"Moderately Active"
220,"Pulse Member 220",Premium,4,2,1,"Moderately Active"
221,"Pulse Member 221",Premium,4,2,0,"Moderately Active"
222,"Pulse Member 222",Premium,4,2,0,"Moderately Active"
223,"Pulse Member 223",Student,4,2,0,"Moderately Active"
224,"Pulse Member 224",Student,4,2,0,"Moderately Active"
225,"Pulse Member 225",Student,4,2,1,"Moderately Active"
226,"Pulse Member 226",Basic,4,2,0,"Moderately Active"
227,"Pulse Member 227",Basic,4,2,0,"Moderately Active"
228,"Pulse Member 228",Basic,4,2,0,"Moderately Active"
229,"Pulse Member 229",Basic,4,2,0,"Moderately Active"
230,"Pulse Member 230",Premium,4,2,1,"Moderately Active"
231,"Pulse Member 231",Premium,4,2,0,"Moderately Active"
232,"Pulse Member 232",Premium,4,2,0,"Moderately Active"
233,"Pulse Member 233",Student,4,2,0,"Moderately Active"
234,"Pulse Member 234",Student,4,2,0,"Moderately Active"
235,"Pulse Member 235",Student,4,2,1,"Moderately Active"
236,"Pulse Member 236",Basic,4,2,0,"Moderately Active"
237,"Pulse Member 237",Basic,4,2,0,"Moderately Active"
238,"Pulse Member 238",Basic,4,2,0,"Moderately Active"
239,"Pulse Member 239",Basic,4,2,0,"Moderately Active"
240,"Pulse Member 240",Premium,4,2,1,"Moderately Active"
241,"Pulse Member 241",Premium,4,2,0,"Moderately Active"
242,"Pulse Member 242",Premium,4,2,0,"Moderately Active"
243,"Pulse Member 243",Student,4,2,0,"Moderately Active"
244,"Pulse Member 244",Student,4,2,0,"Moderately Active"
245,"Pulse Member 245",Student,4,2,1,"Moderately Active"
246,"Pulse Member 246",Basic,4,2,0,"Moderately Active"
247,"Pulse Member 247",Basic,4,2,0,"Moderately Active"
248,"Pulse Member 248",Basic,4,2,0,"Moderately Active"
600,"Pulse Member 600",Premium,4,2,1,"Moderately Active"
250,"Pulse Member 250",Premium,4,2,1,"Moderately Active"
251,"Pulse Member 251",Premium,4,2,0,"Moderately Active"
252,"Pulse Member 252",Premium,4,2,0,"Moderately Active"
253,"Pulse Member 253",Student,4,2,0,"Moderately Active"
254,"Pulse Member 254",Student,4,2,0,"Moderately Active"
255,"Pulse Member 255",Student,4,2,1,"Moderately Active"
256,"Pulse Member 256",Basic,4,2,0,"Moderately Active"
257,"Pulse Member 257",Basic,4,2,0,"Moderately Active"
258,"Pulse Member 258",Basic,4,2,0,"Moderately Active"
259,"Pulse Member 259",Basic,4,2,0,"Moderately Active"
260,"Pulse Member 260",Premium,4,2,1,"Moderately Active"
261,"Pulse Member 261",Premium,4,2,0,"Moderately Active"
262,"Pulse Member 262",Premium,4,2,0,"Moderately Active"
263,"Pulse Member 263",Student,4,2,0,"Moderately Active"
264,"Pulse Member 264",Student,4,2,0,"Moderately Active"
265,"Pulse Member 265",Student,4,2,1,"Moderately Active"
266,"Pulse Member 266",Basic,4,2,0,"Moderately Active"
267,"Pulse Member 267",Basic,4,2,0,"Moderately Active"
268,"Pulse Member 268",Basic,4,2,0,"Moderately Active"
269,"Pulse Member 269",Basic,4,2,0,"Moderately Active"
270,"Pulse Member 270",Premium,4,2,1,"Moderately Active"
271,"Pulse Member 271",Premium,4,2,0,"Moderately Active"
272,"Pulse Member 272",Premium,4,2,0,"Moderately Active"
273,"Pulse Member 273",Student,4,2,0,"Moderately Active"
274,"Pulse Member 274",Student,4,2,0,"Moderately Active"
275,"Pulse Member 275",Student,4,2,1,"Moderately Active"
276,"Pulse Member 276",Basic,4,2,0,"Moderately Active"
277,"Pulse Member 277",Basic,4,2,0,"Moderately Active"
278,"Pulse Member 278",Basic,4,2,0,"Moderately Active"
279,"Pulse Member 279",Basic,4,2,0,"Moderately Active"
280,"Pulse Member 280",Premium,4,2,1,"Moderately Active"
281,"Pulse Member 281",Premium,4,2,0,"Moderately Active"
282,"Pulse Member 282",Premium,4,2,0,"Moderately Active"
283,"Pulse Member 283",Student,4,2,0,"Moderately Active"
284,"Pulse Member 284",Student,4,2,0,"Moderately Active"
285,"Pulse Member 285",Student,4,2,1,"Moderately Active"
286,"Pulse Member 286",Basic,4,2,0,"Moderately Active"
287,"Pulse Member 287",Basic,4,2,0,"Moderately Active"
288,"Pulse Member 288",Basic,4,2,0,"Moderately Active"
289,"Pulse Member 289",Basic,4,2,0,"Moderately Active"
290,"Pulse Member 290",Premium,4,2,1,"Moderately Active"
292,"Pulse Member 292",Premium,4,2,0,"Moderately Active"
293,"Pulse Member 293",Student,4,2,0,"Moderately Active"
294,"Pulse Member 294",Student,4,2,0,"Moderately Active"
295,"Pulse Member 295",Student,4,2,1,"Moderately Active"
296,"Pulse Member 296",Basic,4,2,0,"Moderately Active"
297,"Pulse Member 297",Basic,4,2,0,"Moderately Active"
299,"Pulse Member 299",Basic,4,2,0,"Moderately Active"
300,"Pulse Member 300",Premium,4,2,1,"Moderately Active"
301,"Pulse Member 301",Premium,4,2,0,"Moderately Active"
302,"Pulse Member 302",Premium,4,2,0,"Moderately Active"
303,"Pulse Member 303",Student,4,2,0,"Moderately Active"
304,"Pulse Member 304",Student,4,2,0,"Moderately Active"
305,"Pulse Member 305",Student,4,2,1,"Moderately Active"
306,"Pulse Member 306",Basic,4,2,0,"Moderately Active"
307,"Pulse Member 307",Basic,4,2,0,"Moderately Active"
308,"Pulse Member 308",Basic,4,2,0,"Moderately Active"
309,"Pulse Member 309",Basic,4,2,0,"Moderately Active"
310,"Pulse Member 310",Premium,4,2,1,"Moderately Active"
311,"Pulse Member 311",Premium,4,2,0,"Moderately Active"
312,"Pulse Member 312",Premium,4,2,0,"Moderately Active"
313,"Pulse Member 313",Student,4,2,0,"Moderately Active"
314,"Pulse Member 314",Student,4,2,0,"Moderately Active"
315,"Pulse Member 315",Student,4,2,1,"Moderately Active"
316,"Pulse Member 316",Basic,4,2,0,"Moderately Active"
317,"Pulse Member 317",Basic,4,2,0,"Moderately Active"
318,"Pulse Member 318",Basic,4,2,0,"Moderately Active"
319,"Pulse Member 319",Basic,4,2,0,"Moderately Active"
320,"Pulse Member 320",Premium,4,2,1,"Moderately Active"
321,"Pulse Member 321",Premium,4,2,0,"Moderately Active"
322,"Pulse Member 322",Premium,4,2,0,"Moderately Active"
323,"Pulse Member 323",Student,4,2,0,"Moderately Active"
324,"Pulse Member 324",Student,4,2,0,"Moderately Active"
325,"Pulse Member 325",Student,4,2,1,"Moderately Active"
326,"Pulse Member 326",Basic,4,2,0,"Moderately Active"
327,"Pulse Member 327",Basic,4,2,0,"Moderately Active"
328,"Pulse Member 328",Basic,4,2,0,"Moderately Active"
329,"Pulse Member 329",Basic,4,2,0,"Moderately Active"
330,"Pulse Member 330",Premium,4,2,1,"Moderately Active"
331,"Pulse Member 331",Premium,4,2,0,"Moderately Active"
333,"Pulse Member 333",Student,4,2,0,"Moderately Active"
334,"Pulse Member 334",Student,4,2,0,"Moderately Active"
335,"Pulse Member 335",Student,4,2,1,"Moderately Active"
336,"Pulse Member 336",Basic,4,2,0,"Moderately Active"
337,"Pulse Member 337",Basic,4,2,0,"Moderately Active"
338,"Pulse Member 338",Basic,4,2,0,"Moderately Active"
339,"Pulse Member 339",Basic,4,2,0,"Moderately Active"
340,"Pulse Member 340",Premium,4,2,1,"Moderately Active"
341,"Pulse Member 341",Premium,4,2,0,"Moderately Active"
342,"Pulse Member 342",Premium,4,2,0,"Moderately Active"
343,"Pulse Member 343",Student,4,2,0,"Moderately Active"
344,"Pulse Member 344",Student,4,2,0,"Moderately Active"
345,"Pulse Member 345",Student,4,2,1,"Moderately Active"
346,"Pulse Member 346",Basic,4,2,0,"Moderately Active"
347,"Pulse Member 347",Basic,4,2,0,"Moderately Active"
348,"Pulse Member 348",Basic,4,2,0,"Moderately Active"
349,"Pulse Member 349",Basic,4,2,0,"Moderately Active"
350,"Pulse Member 350",Premium,4,2,1,"Moderately Active"
351,"Pulse Member 351",Premium,4,2,0,"Moderately Active"
352,"Pulse Member 352",Premium,4,2,0,"Moderately Active"
353,"Pulse Member 353",Student,4,2,0,"Moderately Active"
354,"Pulse Member 354",Student,4,2,0,"Moderately Active"
355,"Pulse Member 355",Student,4,2,1,"Moderately Active"
356,"Pulse Member 356",Basic,4,2,0,"Moderately Active"
357,"Pulse Member 357",Basic,4,2,0,"Moderately Active"
358,"Pulse Member 358",Basic,4,2,0,"Moderately Active"
359,"Pulse Member 359",Basic,4,2,0,"Moderately Active"
360,"Pulse Member 360",Premium,4,2,1,"Moderately Active"
361,"Pulse Member 361",Premium,4,2,0,"Moderately Active"
362,"Pulse Member 362",Premium,4,2,0,"Moderately Active"
363,"Pulse Member 363",Student,4,2,0,"Moderately Active"
364,"Pulse Member 364",Student,4,2,0,"Moderately Active"
365,"Pulse Member 365",Student,4,2,1,"Moderately Active"
366,"Pulse Member 366",Basic,4,2,0,"Moderately Active"
367,"Pulse Member 367",Basic,4,2,0,"Moderately Active"
368,"Pulse Member 368",Basic,4,2,0,"Moderately Active"
369,"Pulse Member 369",Basic,4,2,0,"Moderately Active"
370,"Pulse Member 370",Premium,4,2,1,"Moderately Active"
371,"Pulse Member 371",Premium,4,2,0,"Moderately Active"
372,"Pulse Member 372",Premium,4,2,0,"Moderately Active"
373,"Pulse Member 373",Student,4,2,0,"Moderately Active"
374,"Pulse Member 374",Student,4,2,0,"Moderately Active"
375,"Pulse Member 375",Student,4,2,1,"Moderately Active"
376,"Pulse Member 376",Basic,4,2,0,"Moderately Active"
377,"Pulse Member 377",Basic,4,2,0,"Moderately Active"
378,"Pulse Member 378",Basic,4,2,0,"Moderately Active"
379,"Pulse Member 379",Basic,4,2,0,"Moderately Active"
380,"Pulse Member 380",Premium,4,2,1,"Moderately Active"
381,"Pulse Member 381",Premium,4,2,0,"Moderately Active"
382,"Pulse Member 382",Premium,4,2,0,"Moderately Active"
383,"Pulse Member 383",Student,4,2,0,"Moderately Active"
384,"Pulse Member 384",Student,4,2,0,"Moderately Active"
385,"Pulse Member 385",Student,4,2,1,"Moderately Active"
386,"Pulse Member 386",Basic,4,2,0,"Moderately Active"
387,"Pulse Member 387",Basic,4,2,0,"Moderately Active"
389,"Pulse Member 389",Basic,4,2,0,"Moderately Active"
390,"Pulse Member 390",Premium,4,2,1,"Moderately Active"
391,"Pulse Member 391",Premium,4,2,0,"Moderately Active"
392,"Pulse Member 392",Premium,4,2,0,"Moderately Active"
393,"Pulse Member 393",Student,4,2,0,"Moderately Active"
394,"Pulse Member 394",Student,4,2,0,"Moderately Active"
395,"Pulse Member 395",Student,4,2,1,"Moderately Active"
396,"Pulse Member 396",Basic,4,2,0,"Moderately Active"
397,"Pulse Member 397",Basic,4,2,0,"Moderately Active"
398,"Pulse Member 398",Basic,4,2,0,"Moderately Active"
399,"Pulse Member 399",Basic,4,2,0,"Moderately Active"
400,"Pulse Member 400",Premium,4,2,1,"Moderately Active"
401,"Pulse Member 401",Premium,4,2,0,"Moderately Active"
402,"Pulse Member 402",Premium,4,2,0,"Moderately Active"
403,"Pulse Member 403",Student,4,2,0,"Moderately Active"
404,"Pulse Member 404",Student,4,2,0,"Moderately Active"
405,"Pulse Member 405",Student,4,2,1,"Moderately Active"
406,"Pulse Member 406",Basic,4,2,0,"Moderately Active"
407,"Pulse Member 407",Basic,4,2,0,"Moderately Active"
408,"Pulse Member 408",Basic,4,2,0,"Moderately Active"
409,"Pulse Member 409",Basic,4,2,0,"Moderately Active"
410,"Pulse Member 410",Premium,4,2,1,"Moderately Active"
411,"Pulse Member 411",Premium,4,2,0,"Moderately Active"
412,"Pulse Member 412",Premium,4,2,0,"Moderately Active"
413,"Pulse Member 413",Student,4,2,0,"Moderately Active"
414,"Pulse Member 414",Student,4,2,0,"Moderately Active"
416,"Pulse Member 416",Basic,4,2,0,"Moderately Active"
417,"Pulse Member 417",Basic,4,2,0,"Moderately Active"
418,"Pulse Member 418",Basic,4,2,0,"Moderately Active"
419,"Pulse Member 419",Basic,4,2,0,"Moderately Active"
420,"Pulse Member 420",Premium,4,2,1,"Moderately Active"
421,"Pulse Member 421",Premium,4,2,0,"Moderately Active"
422,"Pulse Member 422",Premium,4,2,0,"Moderately Active"
423,"Pulse Member 423",Student,4,2,0,"Moderately Active"
424,"Pulse Member 424",Student,4,2,0,"Moderately Active"
425,"Pulse Member 425",Student,4,2,1,"Moderately Active"
426,"Pulse Member 426",Basic,4,2,0,"Moderately Active"
427,"Pulse Member 427",Basic,4,2,0,"Moderately Active"
428,"Pulse Member 428",Basic,4,2,0,"Moderately Active"
429,"Pulse Member 429",Basic,4,2,0,"Moderately Active"
430,"Pulse Member 430",Premium,4,2,1,"Moderately Active"
431,"Pulse Member 431",Premium,4,2,0,"Moderately Active"
432,"Pulse Member 432",Premium,4,2,0,"Moderately Active"
433,"Pulse Member 433",Student,4,2,0,"Moderately Active"
434,"Pulse Member 434",Student,4,2,0,"Moderately Active"
435,"Pulse Member 435",Student,4,2,1,"Moderately Active"
436,"Pulse Member 436",Basic,4,2,0,"Moderately Active"
437,"Pulse Member 437",Basic,4,2,0,"Moderately Active"
438,"Pulse Member 438",Basic,4,2,0,"Moderately Active"
439,"Pulse Member 439",Basic,4,2,0,"Moderately Active"
440,"Pulse Member 440",Premium,4,2,1,"Moderately Active"
441,"Pulse Member 441",Premium,4,2,0,"Moderately Active"
442,"Pulse Member 442",Premium,4,2,0,"Moderately Active"
443,"Pulse Member 443",Student,4,2,0,"Moderately Active"
444,"Pulse Member 444",Student,4,2,0,"Moderately Active"
445,"Pulse Member 445",Student,4,2,1,"Moderately Active"
446,"Pulse Member 446",Basic,4,2,0,"Moderately Active"
448,"Pulse Member 448",Basic,4,2,0,"Moderately Active"
449,"Pulse Member 449",Basic,4,2,0,"Moderately Active"
450,"Pulse Member 450",Premium,4,2,1,"Moderately Active"
451,"Pulse Member 451",Premium,4,2,0,"Moderately Active"
452,"Pulse Member 452",Premium,4,2,0,"Moderately Active"
453,"Pulse Member 453",Student,4,2,0,"Moderately Active"
454,"Pulse Member 454",Student,4,2,0,"Moderately Active"
455,"Pulse Member 455",Student,4,2,1,"Moderately Active"
456,"Pulse Member 456",Basic,4,2,0,"Moderately Active"
457,"Pulse Member 457",Basic,4,2,0,"Moderately Active"
458,"Pulse Member 458",Basic,4,2,0,"Moderately Active"
459,"Pulse Member 459",Basic,4,2,0,"Moderately Active"
460,"Pulse Member 460",Premium,4,2,1,"Moderately Active"
461,"Pulse Member 461",Premium,4,2,0,"Moderately Active"
462,"Pulse Member 462",Premium,4,2,0,"Moderately Active"
463,"Pulse Member 463",Student,4,2,0,"Moderately Active"
464,"Pulse Member 464",Student,4,2,0,"Moderately Active"
465,"Pulse Member 465",Student,4,2,1,"Moderately Active"
466,"Pulse Member 466",Basic,4,2,0,"Moderately Active"
467,"Pulse Member 467",Basic,4,2,0,"Moderately Active"
468,"Pulse Member 468",Basic,4,2,0,"Moderately Active"
469,"Pulse Member 469",Basic,4,2,0,"Moderately Active"
470,"Pulse Member 470",Premium,4,2,1,"Moderately Active"
471,"Pulse Member 471",Premium,4,2,0,"Moderately Active"
472,"Pulse Member 472",Premium,4,2,0,"Moderately Active"
473,"Pulse Member 473",Student,4,2,0,"Moderately Active"
474,"Pulse Member 474",Student,4,2,0,"Moderately Active"
475,"Pulse Member 475",Student,4,2,1,"Moderately Active"
476,"Pulse Member 476",Basic,4,2,0,"Moderately Active"
477,"Pulse Member 477",Basic,4,2,0,"Moderately Active"
478,"Pulse Member 478",Basic,4,2,0,"Moderately Active"
479,"Pulse Member 479",Basic,4,2,0,"Moderately Active"
480,"Pulse Member 480",Premium,4,2,1,"Moderately Active"
481,"Pulse Member 481",Premium,4,2,0,"Moderately Active"
482,"Pulse Member 482",Premium,4,2,0,"Moderately Active"
483,"Pulse Member 483",Student,4,2,0,"Moderately Active"
484,"Pulse Member 484",Student,4,2,0,"Moderately Active"
486,"Pulse Member 486",Basic,4,2,0,"Moderately Active"
487,"Pulse Member 487",Basic,4,2,0,"Moderately Active"
488,"Pulse Member 488",Basic,4,2,0,"Moderately Active"
489,"Pulse Member 489",Basic,4,2,0,"Moderately Active"
490,"Pulse Member 490",Premium,4,2,1,"Moderately Active"
491,"Pulse Member 491",Premium,4,2,0,"Moderately Active"
492,"Pulse Member 492",Premium,4,2,0,"Moderately Active"
493,"Pulse Member 493",Student,4,2,0,"Moderately Active"
494,"Pulse Member 494",Student,4,2,0,"Moderately Active"
495,"Pulse Member 495",Student,4,2,1,"Moderately Active"
496,"Pulse Member 496",Basic,4,2,0,"Moderately Active"
497,"Pulse Member 497",Basic,4,2,0,"Moderately Active"
499,"Pulse Member 499",Basic,4,2,0,"Moderately Active"
500,"Pulse Member 500",Premium,4,2,1,"Moderately Active"
501,"Pulse Member 501",Premium,4,2,0,"Moderately Active"
502,"Pulse Member 502",Premium,4,2,0,"Moderately Active"
503,"Pulse Member 503",Student,4,2,0,"Moderately Active"
504,"Pulse Member 504",Student,4,2,0,"Moderately Active"
505,"Pulse Member 505",Student,4,2,1,"Moderately Active"
506,"Pulse Member 506",Basic,4,2,0,"Moderately Active"
507,"Pulse Member 507",Basic,4,2,0,"Moderately Active"
508,"Pulse Member 508",Basic,4,2,0,"Moderately Active"
509,"Pulse Member 509",Basic,4,2,0,"Moderately Active"
510,"Pulse Member 510",Premium,4,2,1,"Moderately Active"
511,"Pulse Member 511",Premium,4,2,0,"Moderately Active"
512,"Pulse Member 512",Premium,4,2,0,"Moderately Active"
513,"Pulse Member 513",Student,4,2,0,"Moderately Active"
514,"Pulse Member 514",Student,4,2,0,"Moderately Active"
515,"Pulse Member 515",Student,4,2,1,"Moderately Active"
516,"Pulse Member 516",Basic,4,2,0,"Moderately Active"
517,"Pulse Member 517",Basic,4,2,0,"Moderately Active"
518,"Pulse Member 518",Basic,4,2,0,"Moderately Active"
519,"Pulse Member 519",Basic,4,2,0,"Moderately Active"
520,"Pulse Member 520",Premium,4,2,1,"Moderately Active"
521,"Pulse Member 521",Premium,4,2,0,"Moderately Active"
522,"Pulse Member 522",Premium,4,2,0,"Moderately Active"
523,"Pulse Member 523",Student,4,2,0,"Moderately Active"
524,"Pulse Member 524",Student,4,2,0,"Moderately Active"
525,"Pulse Member 525",Student,4,2,1,"Moderately Active"
526,"Pulse Member 526",Basic,4,2,0,"Moderately Active"
527,"Pulse Member 527",Basic,4,2,0,"Moderately Active"
528,"Pulse Member 528",Basic,4,2,0,"Moderately Active"
529,"Pulse Member 529",Basic,4,2,0,"Moderately Active"
530,"Pulse Member 530",Premium,4,2,1,"Moderately Active"
531,"Pulse Member 531",Premium,4,2,0,"Moderately Active"
532,"Pulse Member 532",Premium,4,2,0,"Moderately Active"
533,"Pulse Member 533",Student,4,2,0,"Moderately Active"
534,"Pulse Member 534",Student,4,2,0,"Moderately Active"
535,"Pulse Member 535",Student,4,2,1,"Moderately Active"
536,"Pulse Member 536",Basic,4,2,0,"Moderately Active"
537,"Pulse Member 537",Basic,4,2,0,"Moderately Active"
538,"Pulse Member 538",Basic,4,2,0,"Moderately Active"
539,"Pulse Member 539",Basic,4,2,0,"Moderately Active"
540,"Pulse Member 540",Premium,4,2,1,"Moderately Active"
541,"Pulse Member 541",Premium,4,2,0,"Moderately Active"
542,"Pulse Member 542",Premium,4,2,0,"Moderately Active"
543,"Pulse Member 543",Student,4,2,0,"Moderately Active"
544,"Pulse Member 544",Student,4,2,0,"Moderately Active"
545,"Pulse Member 545",Student,4,2,1,"Moderately Active"
546,"Pulse Member 546",Basic,4,2,0,"Moderately Active"
547,"Pulse Member 547",Basic,4,2,0,"Moderately Active"
548,"Pulse Member 548",Basic,4,2,0,"Moderately Active"
549,"Pulse Member 549",Basic,4,2,0,"Moderately Active"
550,"Pulse Member 550",Premium,4,2,1,"Moderately Active"
551,"Pulse Member 551",Premium,4,2,0,"Moderately Active"
552,"Pulse Member 552",Premium,4,2,0,"Moderately Active"
553,"Pulse Member 553",Student,4,2,0,"Moderately Active"
554,"Pulse Member 554",Student,4,2,0,"Moderately Active"
555,"Pulse Member 555",Student,4,2,1,"Moderately Active"
556,"Pulse Member 556",Basic,4,2,0,"Moderately Active"
557,"Pulse Member 557",Basic,4,2,0,"Moderately Active"
558,"Pulse Member 558",Basic,4,2,0,"Moderately Active"
559,"Pulse Member 559",Basic,4,2,0,"Moderately Active"
560,"Pulse Member 560",Premium,4,2,1,"Moderately Active"
561,"Pulse Member 561",Premium,4,2,0,"Moderately Active"
562,"Pulse Member 562",Premium,4,2,0,"Moderately Active"
563,"Pulse Member 563",Student,4,2,0,"Moderately Active"
564,"Pulse Member 564",Student,4,2,0,"Moderately Active"
565,"Pulse Member 565",Student,4,2,1,"Moderately Active"
566,"Pulse Member 566",Basic,4,2,0,"Moderately Active"
567,"Pulse Member 567",Basic,4,2,0,"Moderately Active"
568,"Pulse Member 568",Basic,4,2,0,"Moderately Active"
569,"Pulse Member 569",Basic,4,2,0,"Moderately Active"
570,"Pulse Member 570",Premium,4,2,1,"Moderately Active"
571,"Pulse Member 571",Premium,4,2,0,"Moderately Active"
572,"Pulse Member 572",Premium,4,2,0,"Moderately Active"
573,"Pulse Member 573",Student,4,2,0,"Moderately Active"
574,"Pulse Member 574",Student,4,2,0,"Moderately Active"
575,"Pulse Member 575",Student,4,2,1,"Moderately Active"
576,"Pulse Member 576",Basic,4,2,0,"Moderately Active"
577,"Pulse Member 577",Basic,4,2,0,"Moderately Active"
578,"Pulse Member 578",Basic,4,2,0,"Moderately Active"
579,"Pulse Member 579",Basic,4,2,0,"Moderately Active"
580,"Pulse Member 580",Premium,4,2,1,"Moderately Active"
583,"Pulse Member 583",Student,4,2,0,"Moderately Active"
584,"Pulse Member 584",Student,4,2,0,"Moderately Active"
585,"Pulse Member 585",Student,4,2,1,"Moderately Active"
586,"Pulse Member 586",Basic,4,2,0,"Moderately Active"
83,"Pulse Member 083",Student,4,1,0,"Moderately Active"
166,"Pulse Member 166",Basic,4,1,0,"Moderately Active"
249,"Pulse Member 249",Basic,4,1,0,"Moderately Active"
498,"Pulse Member 498",Basic,4,1,0,"Moderately Active"
332,"Pulse Member 332",Premium,4,1,0,"Moderately Active"
581,"Pulse Member 581",Premium,4,1,0,"Moderately Active"
415,"Pulse Member 415",Student,4,1,1,"Moderately Active"
4,"Olivia Brown",Premium,2,4,1,"Moderately Active"
7,"Ethan Lee",Premium,2,3,1,"Moderately Active"
1,"Alex Carter",Premium,2,3,1,"Moderately Active"
10,"Mia Harris",Premium,2,2,1,"Moderately Active"
16,"Isaac Green",Premium,1,2,1,"Moderately Active"
19,"Ella Baker",Premium,1,2,1,"Moderately Active"
27,"Natalie Ward",Premium,1,2,1,"Moderately Active"
13,"Grace Young",Premium,1,1,1,"Moderately Active"
24,"Leo Mitchell",Premium,1,1,1,"Moderately Active"
30,"Tom Evans",Premium,1,1,1,"Moderately Active"
